{
    "user_id": 10,
    "username": "brian",
    "fonction_id": 1,
    "fonction_name": "Administration",
    "menus": [
        [
            "Absence",
            "PageAbsence"
        ],
        [
            "Ajout Banque",
            "PageBanqueNv"
        ],
        [
            "Article",
            "PageArticle"
        ],
        [
            "Article Fournisseur",
            "PageArticleFrs"
        ],
        [
            "Article Liste",
            "page_listeArticle"
        ],
        [
            "Article Mouvement",
            "PageArticleMouvement"
        ],
        [
            "Autorisation",
            "PageAutorisation"
        ],
        [
            "Autorisation Admin",
            "PageCodeAutorisation"
        ],
        [
            "Avance 15e",
            "PageAVQ"
        ],
        [
            "Avance Spécial",
            "FenetreAvanceSpec"
        ],
        [
            "Avoir",
            "PageAvoir"
        ],
        [
            "Banque",
            "PageBanque"
        ],
        [
            "Base Liste",
            "PageBaseListe"
        ],
        [
            "Bon de Réceptio",
            "PageBonReception"
        ],
        [
            "Caisse",
            "PageCaisse"
        ],
        [
            "Catégorie Articl",
            "PageCategorieArticle"
        ],
        [
            "Catégorie Compt",
            "PageCategorieCompte"
        ],
        [
            "CHAT INTERNE",
            "PageChat"
        ],
        [
            "Client",
            "PageClient"
        ],
        [
            "Client Crédi",
            "PageClientCredit"
        ],
        [
            "Commande Frs",
            "PageCommandeFrs"
        ],
        [
            "Config DB",
            "DatabaseConfig"
        ],
        [
            "Décaissemen",
            "PageDecaissement"
        ],
        [
            "Décaissement Banqu",
            "PageDecaissementBq"
        ],
        [
            "Encaissement",
            "PageEncaissement"
        ],
        [
            "Encaissement Banque",
            "PageEncaissementBq"
        ],
        [
            "Etat de Salaire",
            "PageSalaireEtatSB"
        ],
        [
            "Etat de Salaire Horaire",
            "PageEtatSalaireHoraire"
        ],
        [
            "Facturation",
            "PageFacturation"
        ],
        [
            "Facture Liste",
            "PageFactureListe"
        ],
        [
            "Fonction",
            "PageFonction"
        ],
        [
            "Fournisseur",
            "PageFournisseur"
        ],
        [
            "Fournisseur Dettes",
            "PageFrsDette"
        ],
        [
            "Information Article",
            "PageInfoArticle"
        ],
        [
            "Init",
            "DBInitializerApp"
        ],
        [
            "Liste Facture",
            "PageFactureListe"
        ],
        [
            "Liste mouvements",
            "PageListeMouvement"
        ],
        [
            "Liste Personnel",
            "AppMain"
        ],
        [
            "Livraison Client",
            "PageLivraisonClient"
        ],
        [
            "Magasin",
            "PageMagasin"
        ],
        [
            "Menu",
            "PageMenu"
        ],
        [
            "Mouvement d'article",
            "PageArticleMouvement"
        ],
        [
            "Mouvement Stock",
            "PageInfoMouvementStock"
        ],
        [
            "Nouveau SB",
            "PageSalaireBase"
        ],
        [
            "Paiement Client",
            "PagePmtFacture"
        ],
        [
            "Paiement Fournisseur",
            "PagePmtFrs"
        ],
        [
            "Paiement Salaire",
            "PageValidationSalaire"
        ],
        [
            "Prix d'article",
            "PagePrixListe"
        ],
        [
            "Prix Liste",
            "PagePrixListe"
        ],
        [
            "Prix Saisie",
            "PagePrixSaisie"
        ],
        [
            "Proforma",
            "PageCommandeCli"
        ],
        [
            "Salaire Base",
            "PageSalaireBase"
        ],
        [
            "Sauvegarde",
            "PageSauvegarde"
        ],
        [
            "Sortie Article",
            "PageSortie"
        ],
        [
            "Stock Article",
            "PageStock"
        ],
        [
            "Stock Livraison",
            "PageStockLivraison"
        ],
        [
            "Suivi Commande",
            "PageSuiviCommande"
        ],
        [
            "TABLEAU DE BORD",
            "page_home"
        ],
        [
            "Taux Horaire",
            "PageTauxHoraire"
        ],
        [
            "Transfert Article",
            "PageTransfert"
        ],
        [
            "Transfert Banque",
            "PageTransfertBanque"
        ],
        [
            "Transfert Caisse",
            "PageTransfertCaisse"
        ],
        [
            "Type de paiement",
            "PageTypePmt"
        ],
        [
            "Unité Articl",
            "PageUnite"
        ],
        [
            "Users",
            "PageUsers"
        ],
        [
            "Utilisateurs",
            "PageUsers"
        ],
        [
            "Ventes",
            "PageVente"
        ],
        [
            "Ventes par Dépôt",
            "PageVenteParMsin"
        ]
    ]
}