designation,unit,issue,message
Biscuit rama creamz mix 48pcs,PIECE,MISSING_PRICE,prix introuvable ou non parsable
Biscuit rama creamz mix 48pcs,CARTON,MISSING_PRICE,prix introuvable ou non parsable
BONBON FRUIT CHEWY 600G,SACHET,MISSING_PRICE,prix introuvable ou non parsable
BONBON FRUIT MAN ENCRT,CARTON,MISSING_PRICE,prix introuvable ou non parsable
Bonbon huili toy candy,CARTON,MISSING_PRICE,prix introuvable ou non parsable
Bonbon nyra my milk mithai,CARTON,MISSING_PRICE,prix introuvable ou non parsable
BOUGIE GOLDEN GM,PACQUE,MISSING_PRICE,prix introuvable ou non parsable
BOUGIE GOLDEN GM,CARTON,MISSING_PRICE,prix introuvable ou non parsable
BRIQUET LIGHTER BIG STAR,CARTON,MISSING_PRICE,prix introuvable ou non parsable
Caprice bba 50cl En pcs,PIECE,MISSING_PRICE,prix introuvable ou non parsable
CARBONATE,KG,MISSING_PRICE,prix introuvable ou non parsable
CHEESE BALLS,PIECE,MISSING_UNIT,unité non trouvée pour cet article
CHEESE BALLS,SACHET,MISSING_UNIT,unité non trouvée pour cet article
CHOCO BUTTERFLY,PAQUET,MISSING_UNIT,unité non trouvée pour cet article
COLGATE SIGNALE,PIECE,MISSING_PRICE,prix introuvable ou non parsable
COUCHE MOLFIX MINI,BALLE,MISSING_PRICE,prix introuvable ou non parsable
Enveloppe officce 11x16,BOITE,MISSING_PRICE,prix introuvable ou non parsable
Huile rajah en jerycan 20L,JERYCAN,MISSING_PRICE,prix introuvable ou non parsable
JUS LEMON GOLDEN,BALLE,MISSING_PRICE,prix introuvable ou non parsable
JUS ORANGE GOLDEN,BALLE,MISSING_PRICE,prix introuvable ou non parsable
JUS PINEAPLE GOLDEN,BALLE,MISSING_PRICE,prix introuvable ou non parsable
KEON,PIECES,MISSING_UNIT,unité non trouvée pour cet article
KETCHUP,CARTON,MISSING_PRICE,prix introuvable ou non parsable
KIRANILE TSOTRA,-,MISSING_PRICE,prix introuvable ou non parsable
KISO FOHY_DIAMANT,CARTON,MISSING_PRICE,prix introuvable ou non parsable
KISO KAROTY,PIECE,MISSING_PRICE,prix introuvable ou non parsable
MA?ÄS DOUS KARN,CARTON,MISSING_PRICE,prix introuvable ou non parsable
Mais doux soleil d'or 340g,CARTON,MISSING_PRICE,prix introuvable ou non parsable
PATAPON MIDI ORANGE M30 (5-11KG),-,MISSING_PRICE,prix introuvable ou non parsable
Pointe 100X20 de 20kg,KG,MISSING_PRICE,prix introuvable ou non parsable
POINTE 120X20,KG,MISSING_PRICE,prix introuvable ou non parsable
POINTE 140,BOITE,MISSING_PRICE,prix introuvable ou non parsable
POINTE 140,CARTON,MISSING_PRICE,prix introuvable ou non parsable
Pointe 30X13 de 20kg,KG,MISSING_PRICE,prix introuvable ou non parsable
Pointe 40X14 de 20kg,KG,MISSING_PRICE,prix introuvable ou non parsable
Pointe 50X16 de 20 kg,KILOS,MISSING_PRICE,prix introuvable ou non parsable
Pointe 50X18 de 20 kg,KILOS,MISSING_PRICE,prix introuvable ou non parsable
Pointe 60X17 de 20kg,KILOS,MISSING_PRICE,prix introuvable ou non parsable
POINTE 60X20,KG,MISSING_PRICE,prix introuvable ou non parsable
Pointe 70X18 de 20kg,KG,MISSING_PRICE,prix introuvable ou non parsable
POINTE 80X18,BOITE,MISSING_PRICE,prix introuvable ou non parsable
POINTE 80X18,CARTON,MISSING_PRICE,prix introuvable ou non parsable
Pointe 80x19 de 20kg,KG,MISSING_PRICE,prix introuvable ou non parsable
POINTE 90X19,KG,MISSING_PRICE,prix introuvable ou non parsable
POINTE 90X20,KG,MISSING_PRICE,prix introuvable ou non parsable
POINTE 90X20,BOITE,MISSING_PRICE,prix introuvable ou non parsable
POINTE 90X20,CARTON,MISSING_PRICE,prix introuvable ou non parsable
Salone cafe 30g*20pcs,SAC,MISSING_PRICE,prix introuvable ou non parsable
Sleepy midi 6x30 n°3  en pcs,PIECE,MISSING_PRICE,prix introuvable ou non parsable
Sleepy night pants culotte maxi 5x30 n°4,PAQUET,MISSING_PRICE,prix introuvable ou non parsable
Sleepy night pants culotte maxi 5x30 n°4,BALLES,MISSING_PRICE,prix introuvable ou non parsable
Sucre ambilobe  50Kg,KG,MISSING_PRICE,prix introuvable ou non parsable
SUR EAU,PIECE,MISSING_PRICE,prix introuvable ou non parsable
SUR EAU,CARTON,MISSING_PRICE,prix introuvable ou non parsable
TIARA 10G,PIECE,MISSING_PRICE,prix introuvable ou non parsable
TIARA 10G,BOITE,MISSING_PRICE,prix introuvable ou non parsable
YUMY,PIECE,MISSING_PRICE,prix introuvable ou non parsable
